family,genus,species,n_sites,S02,S03,S04,S05,S06,S07,S09,S10,S11,S12,S13,S14,S15,S17,S19,S20,S21,S22,S23,S24,S28,S29,S30,S31,S32,S33,S34,S35,S37,S38,S39
,Magnoliopsida,sp.,8,,,X,,X,X,X,X,X,,,,X,,X,,,,,,,,,,,,,,,,
,Polypodiales,sp.,1,,,,,,,,,,,,,,,,,,,,X,,,,,,,,,,,
Amaryllidaceae,Agapanthus,praecox,1,,,,,,,,,,,,,,,X,,,,,,,,,,,,,,,,
Apiaceae,Aegopodium,podagraria,1,,,X,,,,,,,,,,,,,,,,,,,,,,,,,,,,
Apiaceae,Anthriscus,sylvestris,3,,,X,,X,,,,,,,,X,,,,,,,,,,,,,,,,,,
Apiaceae,Apioideae,sp.,2,,,X,,X,,,,,,,,,,,,,,,,,,,,,,,,,,
Apiaceae,Heracleum,sp.,1,,,X,,,,,,,,,,,,,,,,,,,,,,,,,,,,
Apiaceae,Scandiceae,sp.,1,,,X,,,,,,,,,,,,,,,,,,,,,,,,,,,,
Aquifoliaceae,Ilex,aquifolium,2,,,,,,,,,,,,,,X,,,,,,,X,,,,,,,,,,
Araliaceae,Hedera,helix,6,,X,,,,,,X,,,,,X,,,,X,,,,,,,,,,X,X,,,
Araliaceae,Hedera,sp.,1,,,,,,,,,,,,,,,,,X,,,,,,,,,,,,,,
Asphodelaceae,Aloe,vera,1,,,,,,,,,,,,,,,X,,,,,,,,,,,,,,,,
Aspleniaceae,Asplenium,scolopendrium,1,,,,,,,,,,,,,,,X,,,,,,,,,,,,,,,,
Asteraceae,Asteraceae,sp.,1,,,,,,,,,,,,,X,,,,,,,,,,,,,,,,,,
Asteraceae,Cichorieae,sp.,1,,,,,,,,,,,,,,,X,,,,,,,,,,,,,,,,
Asteraceae,Lapsana,communis,1,,,,,,,,,,,,,,,X,,,,,,,,,,,,,,,,
Asteraceae,Sonchus,asper,1,,,,,,,,,,,,,X,,,,,,,,,,,,,,,,,,
Asteraceae,Sonchus,oleraceus,1,,,,,,,,,,,,,,,X,,,,,,,,,,,,,,,,
Asteraceae,Sonchus,sp.,1,,,,,,,,,,,,,X,,,,,,,,,,,,,,,,,,
Asteraceae,Taraxacum,officinale,2,,,X,,,,,,,,,,,,X,,,,,,,,,,,,,,,,
Betulaceae,Alnus,glutinosa,2,,,,,,,,X,,,,,X,,,,,,,,,,,,,,,,,,
Betulaceae,Alnus,sp.,1,,,,,,,,X,,,,,,,,,,,,,,,,,,,,,,,
Betulaceae,Betula,pubescens,1,,,,,,,,,,,,,,,X,,,,,,,,,,,,,,,,
Betulaceae,Corylus,avellana,1,,,X,,,,,,,,,,,,,,,,,,,,,,,,,,,,
Boraginaceae,Symphytum,officinale,1,,,X,,,,,,,,,,,,,,,,,,,,,,,,,,,,
Brassicaceae,Alliaria,petiolata,1,,,X,,,,,,,,,,,,,,,,,,,,,,,,,,,,
Caprifoliaceae,Caprifolioideae,sp.,1,,,,,,,,,,,,,,,,,,,,X,,,,,,,,,,,
Caprifoliaceae,Centranthus,ruber,1,,,,,,,,,,,,,,,X,,,,,,,,,,,,,,,,
Caprifoliaceae,Lonicera,ligustrina,1,,,,,,,,X,,,,,,,,,,,,,,,,,,,,,,,
Caryophyllaceae,Silene,dioica,1,,,,,,,,,,,,,,,,,,X,,,,,,,,,,,,,
Celastraceae,Euonymus,europaeus,1,,,X,,,,,,,,,,,,,,,,,,,,,,,,,,,,
Celastraceae,Euonymus,sp.,1,,,X,,,,,,,,,,,,,,,,,,,,,,,,,,,,
Cornaceae,Cornus,sanguinea,1,,,X,,,,,,,,,,,,,,,,,,,,,,,,,,,,
Crassulaceae,Umbilicus,rupestris,2,,,,,,,,,,,,,,,,X,,X,,,,,,,,,,,,,
Cyperaceae,Carex,abscondita,1,,,,,,,,,,,,,,,,,X,,,,,,,,,,,,,,
Dryopteridaceae,Dryopteris,dilatata,2,,X,,,,,,,,X,,,,,,,,,,,,,,,,,,,,,
Dryopteridaceae,Dryopteris,sp.,1,,X,,,,,,,,,,,,,,,,,,,,,,,,,,,,,
Fabaceae,Vicia,sativa,1,,,,,,,,,,,,,,,X,,,,,,,,,,,,,,,,
Fagaceae,Fagus,sylvatica,3,X,,,,,,,X,,X,,,,,,,,,,,,,,,,,,,,,
Fagaceae,Quercus,ilex,3,,,,,,,,X,X,,,,,,,,,X,,,,,,,,,,,,,
Fagaceae,Quercus,robur,2,,,,,,,,X,,,,,,X,,,,,,,,,,,,,,,,,
Fagaceae,Quercus,sp.,3,,,X,,,,,X,,,,,,X,,,,,,,,,,,,,,,,,
Geraniaceae,Geraniaceae,sp.,1,,,,,X,,,,,,,,,,,,,,,,,,,,,,,,,,
Geraniaceae,Geranium,robertianum,4,,,,,X,,,,X,,,,X,,X,,,,,,,,,,,,,,,,
Geraniaceae,Geranium,sp.,1,,,,,X,,,,,,,,,,,,,,,,,,,,,,,,,,
Grossulariaceae,Ribes,uva-crispa,1,,,,,,,,,X,,,,,,,,,,,,,,,,,,,,,,
Iridaceae,Iris,foetidissima,1,,,,,,,,,,,,,,,X,,,,,,,,,,,,,,,,
Lamiaceae,Glechoma,hederacea,2,,,X,,X,,,,,,,,,,,,,,,,,,,,,,,,,,
Lamiaceae,Glechoma,sp.,1,,,X,,,,,,,,,,,,,,,,,,,,,,,,,,,,
Malvaceae,Malva,sp.,1,,,,,,,,,,,,,,,X,,,,,,,,,,,,,,,,
Oleaceae,Fraxinus,excelsior,2,,,X,,,,,,,X,,,,,,,,,,,,,,,,,,,,,
Oleaceae,Fraxinus,sp.,1,,,X,,,,,,,,,,,,,,,,,,,,,,,,,,,,
Papaveraceae,Chelidonium,majus,2,,,,,,,,,X,,,,X,,,,,,,,,,,,,,,,,,
Plantaginaceae,Digitalis,purpurea,1,,,,,,,,,,,,,,,X,,,,,,,,,,,,,,,,
Poaceae,Brachypodium,sylvaticum,1,,,,,,,,,,,,,,,X,,,,,,,,,,,,,,,,
Poaceae,Holcus,lanatus,1,,,,,,,,,,,,,,,X,,,,,,,,,,,,,,,,
Poaceae,Poa,annua,1,,,X,,,,,,,,,,,,,,,,,,,,,,,,,,,,
Poaceae,Poa,sp.,1,,,X,,,,,,,,,,,,,,,,,,,,,,,,,,,,
Poaceae,Poaceae,sp.,4,,,X,X,,,,,,,,,X,,X,,,,,,,,,,,,,,,,
Polygonaceae,Rumex,sp.,1,,,,,,,X,,,,,,,,,,,,,,,,,,,,,,,,
Polypodiaceae,Polypodium,cambricum,5,,,,,,,,,,,,,,,,,,,,,,,,,,X,,X,X,X,X
Polypodiaceae,Polypodium,interjectum,2,,,,,,,,,,,,,,,,,,,X,X,,,,,,,,,,,
Polypodiaceae,Polypodium,sp.,8,,,,X,,,,,,,,,,,,,,,,X,X,X,,X,X,,,X,,,X
Polypodiaceae,Polypodium,vulgare,6,,,,,,,,,,,X,,,,,,,,X,X,,,X,X,,X,,,,,
Ranunculaceae,Anemonoides,nemorosa,1,,,,,,,,,,,,X,,,,,,,,,,,,,,,,,,,
Ranunculaceae,Ficaria,verna,1,,,,,X,,,,,,,,,,,,,,,,,,,,,,,,,,
Rosaceae,Cotoneaster,dielsianus,1,,,,,,,,X,,,,,,,,,,,,,,,,,,,,,,,
Rosaceae,Crataegus,monogyna,1,,,,,,,,X,,,,,,,,,,,,,,,,,,,,,,,
Rosaceae,Crataegus,sp.,1,,,,X,,,,,,,,,,,,,,,,,,,,,,,,,,,
Rosaceae,Geum,sp.,1,,,,,,,X,,,,,,,,,,,,,,,,,,,,,,,,
Rosaceae,Prunus,padus,2,,,X,,,,,X,,,,,,,,,,,,,,,,,,,,,,,
Rosaceae,Prunus,sp.,3,,,,,,,,X,X,,,,X,,,,,,,,,,,,,,,,,,
Rosaceae,Rubus,caesius,2,,,,,,,,,X,,X,,,,,,,,,,,,,,,,,,,,
Rosaceae,Rubus,fruticosus,2,,,,,,,,,X,,,,X,,,,,,,,,,,,,,,,,,
Rosaceae,Rubus,idaeus,1,,,,,,,X,,,,,,,,,,,,,,,,,,,,,,,,
Rosaceae,Rubus,sp.,1,,,,,,X,,,,,,,,,,,,,,,,,,,,,,,,,
Rosaceae,Rubus,vestitus,2,,,,,,,,,,,X,,,,,,,X,,,,,,,,,,,,,
Rosaceae,Sorbus,sp.,1,,,X,,,,,,,,,,,,,,,,,,,,,,,,,,,,
Rubiaceae,Galium,aparine,4,,,X,,X,,,X,X,,,,,,,,,,,,,,,,,,,,,,
Rubiaceae,Galium,sp.,1,,,X,,,,,,,,,,,,,,,,,,,,,,,,,,,,
Sapindaceae,Acer,campestre,1,,,,,,,,,,,,,X,,,,,,,,,,,,,,,,,,
Sapindaceae,Acer,platanoides,1,,,,,X,,,,,,,,,,,,,,,,,,,,,,,,,,
Sapindaceae,Acer,pseudoplatanus,6,,,X,,X,,X,X,,X,,,,,,,,,,X,,,,,,,,,,,
Sapindaceae,Acer,sp.,1,,,,,,,,,X,,,,,,,,,,,,,,,,,,,,,,
Solanaceae,Solanum,dulcamara,1,,,,,,,,,,,,,,,X,,,,,,,,,,,,,,,,
Symplocaceae,Symplocos,paniculata,1,,,,,,,,X,,,,,,,,,,,,,,,,,,,,,,,
Ulmaceae,Ulmus,minor,2,,,,,,,,,X,,,,X,,,,,,,,,,,,,,,,,,
Ulmaceae,Ulmus,sp.,1,,,,,X,,,,,,,,,,,,,,,,,,,,,,,,,,
Urticaceae,Urtica,dioica,5,,,X,,X,,,,X,,,,X,,X,,,,,,,,,,,,,,,,
Urticaceae,Urtica,sp.,1,,,X,,,,,,,,,,,,,,,,,,,,,,,,,,,,
Viburnaceae,Adoxa,moschatellina,1,,,X,,,,,,,,,,,,,,,,,,,,,,,,,,,,
Viburnaceae,Sambucus,nigra,7,,,X,,X,,X,X,X,,,,X,,X,,,,,,,,,,,,,,,,
